Workbook

Sheet Sheet3
A3: Total Sales
A4: 1544500

Sheet Sheet4
B3: Row Labels | C3: measure 1 | D3: Total Sales Status
B4: Anil | C4: 179500 | D4: -1
B5: Keerthi | C5: 300000 | D5: 0
B6: Mohan | C6: 234500 | D6: 0
B7: Ravi | C7: 373500 | D7: 1
B8: Sanjay | C8: 457000 | D8: 1
B9: Grand Total | C9: 1544500 | D9: 1

Sheet Practice_Data
A1: EXCEL PRACTICE WORKBOOK — LOGICAL + AGGREGATE FUNCTIONS
A2: Enter formulas only in the yellow columns. Use the same formula in the first row and copy it down.
A4: Order_ID | B4: Customer_Name | C4: Age | D4: Region | E4: Product_Category | F4: Sales_Amount | G4: Payment_Status | H4: Delivery_Days | I4: Sales_Rep | J4: Customer_Rating | K4: IF_Result | L4: AND_Result | M4: OR_Result | N4: NOT_Result | O4: SWITCH_Result | P4: Nested_IF_Result | Q4: Business_Class | R4: Risk_Flag
A5: ORD001 | B5: Swathi | C5: 21 | D5: East | E5: Electronics | F5: 45000 | G5: Paid | H5: 2 | I5: Sanjay | J5: 4 | K5: =IF(Practice_Data!F6>=30000,"High Sales","Normal Sales") -> Normal Sales | L5: =IF(AND(F5>=40000,G5="Pending"),"Urgent","Normal") -> Normal | M5: =IF(OR(D5="South",D5="west"),"Priority Region","Regular Region") -> Regular Region | N5: =IF(NOT(G5="Paid"),"Payment Completed","Payment Pending") -> Payment Pending | O5: {=_xlfn.SWITCH(TRUE,F5>=50000,"Very High",F5>=30000,"High",F5>=15000,"Medium",F5<15000,"Low")} -> High | P5: =IF(F5>=50000,"Very High",IF(F5>=30000,"High",IF(F5>=15000,"Medium","Low"))) -> High
A6: ORD002 | B6: Nikhil | C6: 38 | D6: East | E6: Electronics | F6: 16500 | G6: Paid | H6: 10 | I6: Mohan | J6: 3 | K6: =IF(Practice_Data!F6>=30000,"High Sales","Normal Sales") -> Normal Sales | L6: =IF(AND(F6>=40000,G6="Pending"),"Urgent","Normal") -> Normal | M6: =IF(OR(D6="South",D6="west"),"Priority Region","Regular Region") -> Regular Region | N6: =IF(NOT(G6="Paid"),"Payment Completed","Payment Pending") -> Payment Pending | O6: {=_xlfn.SWITCH(TRUE,F6>=50000,"Very High",F6>=30000,"High",F6>=15000,"Medium",F6<15000,"Low")} -> Medium | P6: =IF(F6>=50000,"Very High",IF(F6>=30000,"High",IF(F6>=15000,"Medium","Low"))) -> Medium
A7: ORD003 | B7: Arun | C7: 27 | D7: North | E7: Clothing | F7: 10500 | G7: Pending | H7: 8 | I7: Anil | J7: 1 | K7: =IF(Practice_Data!F7>=30000,"High Sales","Normal Sales") -> Normal Sales | L7: =IF(AND(F7>=40000,G7="Pending"),"Urgent","Normal") -> Normal | M7: =IF(OR(D7="South",D7="west"),"Priority Region","Regular Region") -> Regular Region | N7: =IF(NOT(G7="Paid"),"Payment Completed","Payment Pending") -> Payment Completed | O7: {=_xlfn.SWITCH(TRUE,F7>=50000,"Very High",F7>=30000,"High",F7>=15000,"Medium",F7<15000,"Low")} -> Low | P7: =IF(F7>=50000,"Very High",IF(F7>=30000,"High",IF(F7>=15000,"Medium","Low"))) -> Low
A8: ORD004 | B8: Keerthi | C8: 62 | D8: West | E8: Electronics | F8: 8500 | G8: Paid | H8: 4 | I8: Ravi | J8: 2 | K8: =IF(Practice_Data!F8>=30000,"High Sales","Normal Sales") -> Normal Sales | L8: =IF(AND(F8>=40000,G8="Pending"),"Urgent","Normal") -> Normal | M8: =IF(OR(D8="South",D8="west"),"Priority Region","Regular Region") -> Priority Region | N8: =IF(NOT(G8="Paid"),"Payment Completed","Payment Pending") -> Payment Pending | O8: {=_xlfn.SWITCH(TRUE,F8>=50000,"Very High",F8>=30000,"High",F8>=15000,"Medium",F8<15000,"Low")} -> Low | P8: =IF(F8>=50000,"Very High",IF(F8>=30000,"High",IF(F8>=15000,"Medium","Low"))) -> Low
A9: ORD005 | B9: Suresh | C9: 34 | D9: West | E9: Books | F9: 60000 | G9: Paid | H9: 2 | I9: Sanjay | J9: 3 | K9: =IF(Practice_Data!F9>=30000,"High Sales","Normal Sales") -> High Sales | L9: =IF(AND(F9>=40000,G9="Pending"),"Urgent","Normal") -> Normal | M9: =IF(OR(D9="South",D9="west"),"Priority Region","Regular Region") -> Priority Region | N9: =IF(NOT(G9="Paid"),"Payment Completed","Payment Pending") -> Payment Pending | O9: {=_xlfn.SWITCH(TRUE,F9>=50000,"Very High",F9>=30000,"High",F9>=15000,"Medium",F9<15000,"Low")} -> Very High | P9: =IF(F9>=50000,"Very High",IF(F9>=30000,"High",IF(F9>=15000,"Medium","Low"))) -> Very High
A10: ORD006 | B10: Naveen | C10: 66 | D10: West | E10: Furniture | F10: 72000 | G10: Paid | H10: 7 | I10: Sanjay | J10: 1 | K10: =IF(Practice_Data!F10>=30000,"High Sales","Normal Sales") -> High Sales | L10: =IF(AND(F10>=40000,G10="Pending"),"Urgent","Normal") -> Normal | M10: =IF(OR(D10="South",D10="west"),"Priority Region","Regular Region") -> Priority Region | N10: =IF(NOT(G10="Paid"),"Payment Completed","Payment Pending") -> Payment Pending | O10: {=_xlfn.SWITCH(TRUE,F10>=50000,"Very High",F10>=30000,"High",F10>=15000,"Medium",F10<15000,"Low")} -> Very High | P10: =IF(F10>=50000,"Very High",IF(F10>=30000,"High",IF(F10>=15000,"Medium","Low"))) -> Very High
A11: ORD007 | B11: Harsha | C11: 42 | D11: Central | E11: Books | F11: 60000 | G11: Paid | H11: 8 | I11: Ravi | J11: 3 | K11: =IF(Practice_Data!F11>=30000,"High Sales","Normal Sales") -> High Sales | L11: =IF(AND(F11>=40000,G11="Pending"),"Urgent","Normal") -> Normal | M11: =IF(OR(D11="South",D11="west"),"Priority Region","Regular Region") -> Regular Region | N11: =IF(NOT(G11="Paid"),"Payment Completed","Payment Pending") -> Payment Pending | O11: {=_xlfn.SWITCH(TRUE,F11>=50000,"Very High",F11>=30000,"High",F11>=15000,"Medium",F11<15000,"Low")} -> Very High | P11: =IF(F11>=50000,"Very High",IF(F11>=30000,"High",IF(F11>=15000,"Medium","Low"))) -> Very High
A12: ORD008 | B12: Suresh | C12: 71 | D12: South | E12: Electronics | F12: 60000 | G12: Paid | H12: 4 | I12: Sanjay | J12: 3 | K12: =IF(Practice_Data!F12>=30000,"High Sales","Normal Sales") -> High Sales | L12: =IF(AND(F12>=40000,G12="Pending"),"Urgent","Normal") -> Normal | M12: =IF(OR(D12="South",D12="west"),"Priority Region","Regular Region") -> Priority Region | N12: =IF(NOT(G12="Paid"),"Payment Completed","Payment Pending") -> Payment Pending | O12: {=_xlfn.SWITCH(TRUE,F12>=50000,"Very High",F12>=30000,"High",F12>=15000,"Medium",F12<15000,"Low")} -> Very High | P12: =IF(F12>=50000,"Very High",IF(F12>=30000,"High",IF(F12>=15000,"Medium","Low"))) -> Very High
A13: ORD009 | B13: Vijay | C13: 42 | D13: North | E13: Clothing | F13: 41000 | G13: Paid | H13: 7 | I13: Sanjay | J13: 1 | K13: =IF(Practice_Data!F13>=30000,"High Sales","Normal Sales") -> High Sales | L13: =IF(AND(F13>=40000,G13="Pending"),"Urgent","Normal") -> Normal | M13: =IF(OR(D13="South",D13="west"),"Priority Region","Regular Region") -> Regular Region | N13: =IF(NOT(G13="Paid"),"Payment Completed","Payment Pending") -> Payment Pending | O13: {=_xlfn.SWITCH(TRUE,F13>=50000,"Very High",F13>=30000,"High",F13>=15000,"Medium",F13<15000,"Low")} -> High | P13: =IF(F13>=50000,"Very High",IF(F13>=30000,"High",IF(F13>=15000,"Medium","Low"))) -> High
A14: ORD010 | B14: Harsha | C14: 24 | D14: East | E14: Electronics | F14: 36500 | G14: Pending | H14: 8 | I14: Ravi | J14: 5 | K14: =IF(Practice_Data!F14>=30000,"High Sales","Normal Sales") -> High Sales | L14: =IF(AND(F14>=40000,G14="Pending"),"Urgent","Normal") -> Normal | M14: =IF(OR(D14="South",D14="west"),"Priority Region","Regular Region") -> Regular Region | N14: =IF(NOT(G14="Paid"),"Payment Completed","Payment Pending") -> Payment Completed | O14: {=_xlfn.SWITCH(TRUE,F14>=50000,"Very High",F14>=30000,"High",F14>=15000,"Medium",F14<15000,"Low")} -> High | P14: =IF(F14>=50000,"Very High",IF(F14>=30000,"High",IF(F14>=15000,"Medium","Low"))) -> High
A15: ORD011 | B15: Swathi | C15: 59 | D15: East | E15: Clothing | F15: 22000 | G15: Paid | H15: 4 | I15: Keerthi | J15: 2 | K15: =IF(Practice_Data!F15>=30000,"High Sales","Normal Sales") -> Normal Sales | L15: =IF(AND(F15>=40000,G15="Pending"),"Urgent","Normal") -> Normal | M15: =IF(OR(D15="South",D15="west"),"Priority Region","Regular Region") -> Regular Region | N15: =IF(NOT(G15="Paid"),"Payment Completed","Payment Pending") -> Payment Pending | O15: {=_xlfn.SWITCH(TRUE,F15>=50000,"Very High",F15>=30000,"High",F15>=15000,"Medium",F15<15000,"Low")} -> Medium | P15: =IF(F15>=50000,"Very High",IF(F15>=30000,"High",IF(F15>=15000,"Medium","Low"))) -> Medium
A16: ORD012 | B16: Rohit | C16: 42 | D16: West | E16: Electronics | F16: 6500 | G16: Paid | H16: 5 | I16: Anil | J16: 1 | K16: =IF(Practice_Data!F16>=30000,"High Sales","Normal Sales") -> Normal Sales | L16: =IF(AND(F16>=40000,G16="Pending"),"Urgent","Normal") -> Normal | M16: =IF(OR(D16="South",D16="west"),"Priority Region","Regular Region") -> Priority Region | N16: =IF(NOT(G16="Paid"),"Payment Completed","Payment Pending") -> Payment Pending | O16: {=_xlfn.SWITCH(TRUE,F16>=50000,"Very High",F16>=30000,"High",F16>=15000,"Medium",F16<15000,"Low")} -> Low | P16: =IF(F16>=50000,"Very High",IF(F16>=30000,"High",IF(F16>=15000,"Medium","Low"))) -> Low
A17: ORD013 | B17: Kavya | C17: 59 | D17: East | E17: Clothing | F17: 45000 | G17: Paid | H17: 3 | I17: Ravi | J17: 5 | K17: =IF(Practice_Data!F17>=30000,"High Sales","Normal Sales") -> High Sales | L17: =IF(AND(F17>=40000,G17="Pending"),"Urgent","Normal") -> Normal | M17: =IF(OR(D17="South",D17="west"),"Priority Region","Regular Region") -> Regular Region | N17: =IF(NOT(G17="Paid"),"Payment Completed","Payment Pending") -> Payment Pending | O17: {=_xlfn.SWITCH(TRUE,F17>=50000,"Very High",F17>=30000,"High",F17>=15000,"Medium",F17<15000,"Low")} -> High | P17: =IF(F17>=50000,"Very High",IF(F17>=30000,"High",IF(F17>=15000,"Medium","Low"))) -> High
... A54: ORD050 | B54: Priya | C54: 27 | D54: South | E54: Clothing | F54: 45000 | G54: Pending | H54: 8 | I54: Mohan | J54: 1 | K54: =IF(Practice_Data!F54>=30000,"High Sales","Normal Sales") -> High Sales | L54: =IF(AND(F54>=40000,G54="Pending"),"Urgent","Normal") -> Urgent | M54: =IF(OR(D54="South",D54="west"),"Priority Region","Regular Region") -> Priority Region | N54: =IF(NOT(G54="Paid"),"Payment Completed","Payment Pending") -> Payment Completed | O54: {=_xlfn.SWITCH(TRUE,F54>=50000,"Very High",F54>=30000,"High",F54>=15000,"Medium",F54<15000,"Low")} -> High | P54: =IF(F54>=50000,"Very High",IF(F54>=30000,"High",IF(F54>=15000,"Medium","Low"))) -> High

Sheet Aggregate_Practice
A1: AGGREGATE FUNCTION PRACTICE — FILL THE YELLOW CELLS
A3: Function | B3: Question | C3: Criteria / Condition | D3: Your Answer | E3: Formula Hint | F3: Interview Difficulty
A4: SUM | B4: Total sales amount | C4: All orders | D4: =SUM(F30:F79) -> 1544500 | E4: =SUM(F5:F54) -> 883500 | F4: Basic
A5: SUMIF | B5: South region sales | C5: Region = South | D5: =SUMIF(D30:D79,"south",F30:F79) -> 310500 | E5: =SUMIF(D5:D54,"South",F5:F54) -> 178500 | F5: Basic
A6: SUMIF | B6: Electronics sales | C6: Category = Electronics | D6: =SUMIF(E30:E79,"electronics",F30:F79) -> 301000 | E6: =SUMIF(E5:E54,"Electronics",F5:F54) | F6: Basic
A7: COUNTIF | B7: Pending orders | C7: Payment Status = Pending | D7: =COUNTIF(G30:G79,"pending") -> 12 | E7: =COUNTIF(G5:G54,"Pending") -> 4 | F7: Basic
A8: COUNTIF | B8: Orders with sales > ₹40,000 | C8: Sales Amount > 40000 | D8: =COUNTIF(F30:F79,">40000") -> 17 | E8: =COUNTIF(F5:F54,">40000") -> 12 | F8: Basic
A9: AVERAGEIF | B9: Average South sales | C9: Region = South | D9: =AVERAGEIF(D30:D79,"south",F30:F79) -> 34500 | E9: =AVERAGEIF(D5:D54,"South",F5:F54) -> 35700 | F9: Intermediate
A10: AVERAGEIF | B10: Average Electronics sales | C10: Category = Electronics | D10: =AVERAGEIF(E30:E79,"electronics",F30:F79) -> 30100 | E10: =AVERAGEIF(E5:E54,"Electronics",F5:F54) | F10: Intermediate
A11: SUMIFS | B11: South + Pending sales | C11: Region South AND Pending | D11: =SUMIFS(F30:F79,D30:D79,"South",G30:G79,"Pending") -> 168500 | E11: =SUMIFS(F5:F54,D5:D54,"South",G5:G54,"Pending") -> 36500 | F11: Intermediate
A12: SUMIFS | B12: West + Electronics sales | C12: West AND Electronics | D12: =SUMIFS(F30:F79,D30:D79,D33,E30:E79,E69) -> 143000 | E12: =SUMIFS(F5:F54,D5:D54,"West",E5:E54,"Electronics") -> 128000 | F12: Intermediate
A13: COUNTIFS | B13: West + Delivery > 6 | C13: Region West AND Delivery > 6 | D13: =COUNTIFS(H30:H79,">6",D30:D79,D60) -> 7 | E13: =COUNTIFS(D5:D54,"West",H5:H54,">6") -> 2 | F13: Intermediate
A14: COUNTIFS | B14: Pending + Rating <= 2 | C14: Pending AND Rating <= 2 | D14: ( | E14: =COUNTIFS(G5:G54,"Pending",J5:J54,"<=2") -> 1 | F14: Intermediate
A15: MAXIFS | B15: Maximum Electronics sale | C15: Category = Electronics | E15: =_xludf.MAXIFS(F5:F54,E5:E54,"Electronics") -> #NAME? | F15: Intermediate
A16: MAXIFS | B16: Maximum South sale | C16: Region = South | E16: =_xludf.MAXIFS(F5:F54,D5:D54,"South") -> #NAME? | F16: Intermediate
A17: MINIFS | B17: Minimum East sale | C17: Region = East | E17: =_xludf.MINIFS(F5:F54,D5:D54,"East") -> #NAME? | F17: Intermediate
A18: MINIFS | B18: Minimum Furniture sale | C18: Category = Furniture | E18: =_xludf.MINIFS(F5:F54,E5:E54,"Furniture") -> #NAME? | F18: Intermediate
A29: Order_ID | B29: Customer_Name | C29: Age | D29: Region | E29: Product_Category | F29: Sales_Amount | G29: Payment_Status | H29: Delivery_Days | I29: Sales_Rep | J29: Customer_Rating | K29: IF_Result | L29: AND_Result | M29: OR_Result | N29: NOT_Result | O29: SWITCH_Result | P29: Nested_IF_Result | Q29: Business_Class | R29: Risk_Flag
A30: ORD001 | B30: Swathi | C30: 21 | D30: East | E30: Electronics | F30: 45000 | G30: Paid | H30: 2 | I30: Sanjay | J30: 4 | K30: =IF(Practice_Data!F31>=30000,"High Sales","Normal Sales") -> High Sales | L30: =IF(AND(F30>=40000,G30="Pending"),"Urgent","Normal") -> Normal | M30: =IF(OR(D30="South",D30="west"),"Priority Region","Regular Region") -> Regular Region | N30: =IF(NOT(G30="Paid"),"Payment Completed","Payment Pending") -> Payment Pending | O30: {=_xlfn.SWITCH(TRUE,F30>=50000,"Very High",F30>=30000,"High",F30>=15000,"Medium",F30<15000,"Low")} -> High | P30: =IF(F30>=50000,"Very High",IF(F30>=30000,"High",IF(F30>=15000,"Medium","Low"))) -> High
A31: ORD002 | B31: Nikhil | C31: 38 | D31: East | E31: Electronics | F31: 16500 | G31: Paid | H31: 10 | I31: Mohan | J31: 3 | K31: =IF(Practice_Data!F31>=30000,"High Sales","Normal Sales") -> High Sales | L31: =IF(AND(F31>=40000,G31="Pending"),"Urgent","Normal") -> Normal | M31: =IF(OR(D31="South",D31="west"),"Priority Region","Regular Region") -> Regular Region | N31: =IF(NOT(G31="Paid"),"Payment Completed","Payment Pending") -> Payment Pending | O31: {=_xlfn.SWITCH(TRUE,F31>=50000,"Very High",F31>=30000,"High",F31>=15000,"Medium",F31<15000,"Low")} -> Medium | P31: =IF(F31>=50000,"Very High",IF(F31>=30000,"High",IF(F31>=15000,"Medium","Low"))) -> Medium
A32: ORD003 | B32: Arun | C32: 27 | D32: North | E32: Clothing | F32: 10500 | G32: Pending | H32: 8 | I32: Anil | J32: 1 | K32: =IF(Practice_Data!F32>=30000,"High Sales","Normal Sales") -> Normal Sales | L32: =IF(AND(F32>=40000,G32="Pending"),"Urgent","Normal") -> Normal | M32: =IF(OR(D32="South",D32="west"),"Priority Region","Regular Region") -> Regular Region | N32: =IF(NOT(G32="Paid"),"Payment Completed","Payment Pending") -> Payment Completed | O32: {=_xlfn.SWITCH(TRUE,F32>=50000,"Very High",F32>=30000,"High",F32>=15000,"Medium",F32<15000,"Low")} -> Low | P32: =IF(F32>=50000,"Very High",IF(F32>=30000,"High",IF(F32>=15000,"Medium","Low"))) -> Low
A33: ORD004 | B33: Keerthi | C33: 62 | D33: West | E33: Electronics | F33: 8500 | G33: Paid | H33: 4 | I33: Ravi | J33: 2 | K33: =IF(Practice_Data!F33>=30000,"High Sales","Normal Sales") -> High Sales | L33: =IF(AND(F33>=40000,G33="Pending"),"Urgent","Normal") -> Normal | M33: =IF(OR(D33="South",D33="west"),"Priority Region","Regular Region") -> Priority Region | N33: =IF(NOT(G33="Paid"),"Payment Completed","Payment Pending") -> Payment Pending | O33: {=_xlfn.SWITCH(TRUE,F33>=50000,"Very High",F33>=30000,"High",F33>=15000,"Medium",F33<15000,"Low")} -> Low | P33: =IF(F33>=50000,"Very High",IF(F33>=30000,"High",IF(F33>=15000,"Medium","Low"))) -> Low
A34: ORD005 | B34: Suresh | C34: 34 | D34: West | E34: Books | F34: 60000 | G34: Paid | H34: 2 | I34: Sanjay | J34: 3 | K34: =IF(Practice_Data!F34>=30000,"High Sales","Normal Sales") -> Normal Sales | L34: =IF(AND(F34>=40000,G34="Pending"),"Urgent","Normal") -> Normal | M34: =IF(OR(D34="South",D34="west"),"Priority Region","Regular Region") -> Priority Region | N34: =IF(NOT(G34="Paid"),"Payment Completed","Payment Pending") -> Payment Pending | O34: {=_xlfn.SWITCH(TRUE,F34>=50000,"Very High",F34>=30000,"High",F34>=15000,"Medium",F34<15000,"Low")} -> Very High | P34: =IF(F34>=50000,"Very High",IF(F34>=30000,"High",IF(F34>=15000,"Medium","Low"))) -> Very High
A35: ORD006 | B35: Naveen | C35: 66 | D35: West | E35: Furniture | F35: 72000 | G35: Paid | H35: 7 | I35: Sanjay | J35: 1 | K35: =IF(Practice_Data!F35>=30000,"High Sales","Normal Sales") -> High Sales | L35: =IF(AND(F35>=40000,G35="Pending"),"Urgent","Normal") -> Normal | M35: =IF(OR(D35="South",D35="west"),"Priority Region","Regular Region") -> Priority Region | N35: =IF(NOT(G35="Paid"),"Payment Completed","Payment Pending") -> Payment Pending | O35: {=_xlfn.SWITCH(TRUE,F35>=50000,"Very High",F35>=30000,"High",F35>=15000,"Medium",F35<15000,"Low")} -> Very High | P35: =IF(F35>=50000,"Very High",IF(F35>=30000,"High",IF(F35>=15000,"Medium","Low"))) -> Very High
A36: ORD007 | B36: Harsha | C36: 42 | D36: Central | E36: Books | F36: 60000 | G36: Paid | H36: 8 | I36: Ravi | J36: 3 | K36: =IF(Practice_Data!F36>=30000,"High Sales","Normal Sales") -> Normal Sales | L36: =IF(AND(F36>=40000,G36="Pending"),"Urgent","Normal") -> Normal | M36: =IF(OR(D36="South",D36="west"),"Priority Region","Regular Region") -> Regular Region | N36: =IF(NOT(G36="Paid"),"Payment Completed","Payment Pending") -> Payment Pending | O36: {=_xlfn.SWITCH(TRUE,F36>=50000,"Very High",F36>=30000,"High",F36>=15000,"Medium",F36<15000,"Low")} -> Very High | P36: =IF(F36>=50000,"Very High",IF(F36>=30000,"High",IF(F36>=15000,"Medium","Low"))) -> Very High
A37: ORD008 | B37: Suresh | C37: 71 | D37: South | E37: Electronics | F37: 60000 | G37: Paid | H37: 4 | I37: Sanjay | J37: 3 | K37: =IF(Practice_Data!F37>=30000,"High Sales","Normal Sales") -> Normal Sales | L37: =IF(AND(F37>=40000,G37="Pending"),"Urgent","Normal") -> Normal | M37: =IF(OR(D37="South",D37="west"),"Priority Region","Regular Region") -> Priority Region | N37: =IF(NOT(G37="Paid"),"Payment Completed","Payment Pending") -> Payment Pending | O37: {=_xlfn.SWITCH(TRUE,F37>=50000,"Very High",F37>=30000,"High",F37>=15000,"Medium",F37<15000,"Low")} -> Very High | P37: =IF(F37>=50000,"Very High",IF(F37>=30000,"High",IF(F37>=15000,"Medium","Low"))) -> Very High
A38: ORD009 | B38: Vijay | C38: 42 | D38: North | E38: Clothing | F38: 41000 | G38: Paid | H38: 7 | I38: Sanjay | J38: 1 | K38: =IF(Practice_Data!F38>=30000,"High Sales","Normal Sales") -> Normal Sales | L38: =IF(AND(F38>=40000,G38="Pending"),"Urgent","Normal") -> Normal | M38: =IF(OR(D38="South",D38="west"),"Priority Region","Regular Region") -> Regular Region | N38: =IF(NOT(G38="Paid"),"Payment Completed","Payment Pending") -> Payment Pending | O38: {=_xlfn.SWITCH(TRUE,F38>=50000,"Very High",F38>=30000,"High",F38>=15000,"Medium",F38<15000,"Low")} -> High | P38: =IF(F38>=50000,"Very High",IF(F38>=30000,"High",IF(F38>=15000,"Medium","Low"))) -> High
A39: ORD010 | B39: Harsha | C39: 24 | D39: East | E39: Electronics | F39: 36500 | G39: Pending | H39: 8 | I39: Ravi | J39: 5 | K39: =IF(Practice_Data!F39>=30000,"High Sales","Normal Sales") -> Normal Sales | L39: =IF(AND(F39>=40000,G39="Pending"),"Urgent","Normal") -> Normal | M39: =IF(OR(D39="South",D39="west"),"Priority Region","Regular Region") -> Regular Region | N39: =IF(NOT(G39="Paid"),"Payment Completed","Payment Pending") -> Payment Completed | O39: {=_xlfn.SWITCH(TRUE,F39>=50000,"Very High",F39>=30000,"High",F39>=15000,"Medium",F39<15000,"Low")} -> High | P39: =IF(F39>=50000,"Very High",IF(F39>=30000,"High",IF(F39>=15000,"Medium","Low"))) -> High
A40: ORD011 | B40: Swathi | C40: 59 | D40: East | E40: Clothing | F40: 22000 | G40: Paid | H40: 4 | I40: Keerthi | J40: 2 | K40: =IF(Practice_Data!F40>=30000,"High Sales","Normal Sales") -> Normal Sales | L40: =IF(AND(F40>=40000,G40="Pending"),"Urgent","Normal") -> Normal | M40: =IF(OR(D40="South",D40="west"),"Priority Region","Regular Region") -> Regular Region | N40: =IF(NOT(G40="Paid"),"Payment Completed","Payment Pending") -> Payment Pending | O40: {=_xlfn.SWITCH(TRUE,F40>=50000,"Very High",F40>=30000,"High",F40>=15000,"Medium",F40<15000,"Low")} -> Medium | P40: =IF(F40>=50000,"Very High",IF(F40>=30000,"High",IF(F40>=15000,"Medium","Low"))) -> Medium
A41: ORD012 | B41: Rohit | C41: 42 | D41: West | E41: Electronics | F41: 6500 | G41: Paid | H41: 5 | I41: Anil | J41: 1 | K41: =IF(Practice_Data!F41>=30000,"High Sales","Normal Sales") -> Normal Sales | L41: =IF(AND(F41>=40000,G41="Pending"),"Urgent","Normal") -> Normal | M41: =IF(OR(D41="South",D41="west"),"Priority Region","Regular Region") -> Priority Region | N41: =IF(NOT(G41="Paid"),"Payment Completed","Payment Pending") -> Payment Pending | O41: {=_xlfn.SWITCH(TRUE,F41>=50000,"Very High",F41>=30000,"High",F41>=15000,"Medium",F41<15000,"Low")} -> Low | P41: =IF(F41>=50000,"Very High",IF(F41>=30000,"High",IF(F41>=15000,"Medium","Low"))) -> Low
A42: ORD013 | B42: Kavya | C42: 59 | D42: East | E42: Clothing | F42: 45000 | G42: Paid | H42: 3 | I42: Ravi | J42: 5 | K42: =IF(Practice_Data!F42>=30000,"High Sales","Normal Sales") -> High Sales | L42: =IF(AND(F42>=40000,G42="Pending"),"Urgent","Normal") -> Normal | M42: =IF(OR(D42="South",D42="west"),"Priority Region","Regular Region") -> Regular Region | N42: =IF(NOT(G42="Paid"),"Payment Completed","Payment Pending") -> Payment Pending | O42: {=_xlfn.SWITCH(TRUE,F42>=50000,"Very High",F42>=30000,"High",F42>=15000,"Medium",F42<15000,"Low")} -> High | P42: =IF(F42>=50000,"Very High",IF(F42>=30000,"High",IF(F42>=15000,"Medium","Low"))) -> High
... A79: ORD050 | B79: Priya | C79: 27 | D79: South | E79: Clothing | F79: 45000 | G79: Pending | H79: 8 | I79: Mohan | J79: 1 | K79: =IF(Practice_Data!F79>=30000,"High Sales","Normal Sales") -> Normal Sales | L79: =IF(AND(F79>=40000,G79="Pending"),"Urgent","Normal") -> Urgent | M79: =IF(OR(D79="South",D79="west"),"Priority Region","Regular Region") -> Priority Region | N79: =IF(NOT(G79="Paid"),"Payment Completed","Payment Pending") -> Payment Completed | O79: {=_xlfn.SWITCH(TRUE,F79>=50000,"Very High",F79>=30000,"High",F79>=15000,"Medium",F79<15000,"Low")} -> High | P79: =IF(F79>=50000,"Very High",IF(F79>=30000,"High",IF(F79>=15000,"Medium","Low"))) -> High

Sheet Practice_Questions
A1: PRACTICE QUESTIONS & HINTS
A3: # | B3: Concept | C3: Practice Task | D3: Hint
A4: 1 | B4: IF | C4: If Sales Amount >= ₹30,000, return "High Sales", otherwise "Normal Sales". | D4: Use IF with F5.
A5: 2 | B5: AND | C5: If Sales Amount >= ₹40,000 AND Payment Status is Pending, return "Urgent", otherwise "Normal". | D5: Use IF + AND.
A6: 3 | B6: OR | C6: If Region is South OR West, return "Priority Region", otherwise "Regular Region". | D6: Use IF + OR.
A7: 4 | B7: NOT | C7: If Payment Status is NOT Pending, return "Payment Complete", otherwise "Payment Pending". | D7: Use IF + NOT.
A8: 5 | B8: SWITCH | C8: Classify Sales Amount: >=₹50,000 Very High; >=₹30,000 High; >=₹15,000 Medium; otherwise Low. | D8: SWITCH(TRUE, ...).
A9: 6 | B9: Nested IF | C9: Create the same four sales bands using Nested IF instead of SWITCH. | D9: Use IF inside IF.
A10: 7 | B10: SUM | C10: Calculate the total Sales Amount for all 50 orders. | D10: Use SUM.
A11: 8 | B11: SUMIF | C11: Calculate total Sales Amount for each Region. | D11: Use SUMIF with Region as criteria.
A12: 9 | B12: COUNTIF | C12: Count the number of Pending orders. | D12: Use COUNTIF.
A13: 10 | B13: AVERAGEIF | C13: Calculate average Sales Amount for each Product Category. | D13: Use AVERAGEIF.
A14: 11 | B14: SUMIFS | C14: Calculate total Sales Amount for South region AND Pending payment. | D14: Use SUMIFS with two criteria.
A15: 12 | B15: COUNTIFS | C15: Count orders where Region = West AND Delivery Days > 6. | D15: Use COUNTIFS.
... A21: 18 | B21: Business Case | C21: Delivery Status: Delayed when Delivery Days > 7; On Time when 4–7; Fast when <=3. | D21: Use Nested IF.

Sheet Business_Cases
A1: BUSINESS-CASE PRACTICE
A3: Case | B3: Business Situation | C3: Rule | D3: Your Formula / Result | E3: Functions to Consider | F3: Difficulty
A4: 1 | B4: Sales Performance | C4: Sales >= ₹50,000 → Excellent; ₹30,000–49,999 → Good; below ₹30,000 → Needs Improvement. | E4: IF / Nested IF | F4: Intermediate
A5: 2 | B5: Payment Risk | C5: Pending + Sales >= ₹40,000 → High Risk; Pending only → Medium Risk; Paid → Low Risk. | E5: IF + AND + Nested IF | F5: Advanced
A6: 3 | B6: Customer Priority | C6: Rating <=2 OR Pending payment → Follow Up; otherwise No Follow Up. | E6: IF + OR | F6: Intermediate
A7: 4 | B7: Delivery Performance | C7: Delivery >7 → Delayed; 4–7 → Normal; <=3 → Fast. | E7: Nested IF | F7: Intermediate
A8: 5 | B8: Regional Priority | C8: South/West → Priority; all other regions → Regular. | E8: IF + OR | F8: Basic
A9: 6 | B9: High-Value Customer | C9: Age >=60 AND Sales >=₹40,000 → High Value Customer; otherwise Standard. | E9: IF + AND | F9: Intermediate
A10: 7 | B10: Manager Review | C10: Sales >=₹30,000 AND (Pending OR Rating <=2) → Review; otherwise No Review. | E10: IF + AND + OR | F10: Advanced
A11: 8 | B11: Sales Band Dashboard | C11: Create counts for Low, Medium, High and Very High sales bands. | E11: COUNTIF / COUNTIFS | F11: Advanced

Sheet Answer_Key
A1: ANSWER KEY — USE ONLY AFTER PRACTICE
A3: Concept | B3: Correct Formula / Method | C3: Notes
A4: IF | B4: =IF(F5>=30000,"High Sales","Normal Sales") -> Normal Sales | C4: Copy down.
A5: AND | B5: =IF(AND(F5>=40000,G5="Pending"),"Urgent","Normal") -> Normal | C5: Copy down.
A6: OR | B6: =IF(OR(D5="South",D5="West"),"Priority Region","Regular Region") -> Regular Region | C6: Copy down.
A7: NOT | B7: =IF(NOT(G5="Pending"),"Payment Complete","Payment Pending") -> Payment Complete | C7: Copy down.
A8: SWITCH | B8: =_xlfn.SWITCH(TRUE,F5>=50000,"Very High",F5>=30000,"High",F5>=15000,"Medium","Low") -> Low | C8: Copy down.
A9: Nested IF | B9: =IF(F5>=50000,"Very High",IF(F5>=30000,"High",IF(F5>=15000,"Medium","Low"))) -> Low | C9: Copy down.
A10: SUM | B10: =SUM(F5:F54) -> 0 | C10: Total sales.
A11: SUMIF | B11: =SUMIF(D5:D54,"South",F5:F54) -> 0 | C11: Example: South region.
A12: COUNTIF | B12: =COUNTIF(G5:G54,"Pending") -> 0 | C12: Pending orders.
A13: AVERAGEIF | B13: =AVERAGEIF(E5:E54,"Electronics",F5:F54) -> #DIV/0! | C13: Example: Electronics average.
A14: SUMIFS | B14: =SUMIFS(F5:F54,D5:D54,"South",G5:G54,"Pending") -> 0 | C14: Two criteria.
A15: COUNTIFS | B15: =COUNTIFS(D5:D54,"West",H5:H54,">6") -> 0 | C15: Two criteria.
A16: MAXIFS | B16: =_xludf.MAXIFS(F5:F54,E5:E54,"Electronics") -> #NAME? | C16: Maximum Electronics sale.
A17: MINIFS | B17: =_xludf.MINIFS(F5:F54,D5:D54,"South") -> #NAME? | C17: Minimum South sale.
A18: Business Case – Risk | B18: =IF(AND(G5="Pending",F5>=40000),"High Risk",IF(G5="Pending","Medium Risk","Low Risk")) -> Low Risk | C18: Nested business logic.
A19: Business Case – Follow-up | B19: =IF(OR(J5<=2,G5="Pending"),"Follow Up","No Follow Up") -> Follow Up | C19: OR business rule.
A20: Business Case – Manager Review | B20: =IF(AND(F5>=30000,OR(G5="Pending",J5<=2)),"Review","No Review") -> No Review | C20: AND + OR.

Sheet Concept_Checklist
A1: CONCEPT CHECKLIST
A3: # | B3: Concept | C3: Practiced? | D3: Revision Date
A4: 1 | B4: IF | C4: ✅ | D4: 46291
A5: 2 | B5: AND / OR / NOT | C5: ✅ | D5: =$D$4 -> 46291
A6: 3 | B6: SWITCH | C6: ✅ | D6: =$D$4 -> 46291
A7: 4 | B7: Nested IF | C7: ✅ | D7: =$D$4 -> 46291
A8: 5 | B8: SUM | C8: ✅ | D8: =$D$4 -> 46291
A9: 6 | B9: SUMIF | C9: ✅ | D9: =$D$4 -> 46291
A10: 7 | B10: COUNTIF | C10: ✅ | D10: =$D$4 -> 46291
A11: 8 | B11: AVERAGEIF | C11: ✅ | D11: =$D$4 -> 46291
A12: 9 | B12: SUMIFS | C12: ✅ | D12: =$D$4 -> 46291
A13: 10 | B13: COUNTIFS | C13: ✅ | D13: =$D$4 -> 46291
A14: 11 | B14: MAXIFS | C14: ✅ | D14: =$D$4 -> 46291
A15: 12 | B15: MINIFS | C15: ✅ | D15: =$D$4 -> 46291
A16: 13 | B16: Conditional classification & business-case scenarios | C16: ✅ | D16: =$D$4 -> 46291
